0.0,RC0805FR-070RL,Yageo,17,Digi-Key,0.00168,615000,0805,-1,0.00 Ω,±1%,
1,RC0805FR-071RL,Yageo,33,Digi-Key,0.00251,220000,0805,125 mW,1.00 Ω,±1%,
1.02,RC0805FR-071R02L,Yageo,5,Digi-Key,0.00251,10000,0805,125 mW,1.02 Ω,±1%,
1.05,RC0805FR-071R05L,Yageo,8,Digi-Key,0.00251,5000,0805,125 mW,1.05 Ω,±1%,
1.07,RC0805FR-071R07L,Yageo,3,Digi-Key,0.00367,0,0805,125 mW,1.07 Ω,±1%,
1.1,RC0805FR-071R1L,Yageo,9,Digi-Key,0.00251,35000,0805,125 mW,1.10 Ω,±1%,
1.13,RC0805FR-071R13L,Yageo,3,Digi-Key,0.00367,0,0805,125 mW,1.13 Ω,±1%,
1.15,RC0805FR-071R15L,Yageo,6,Digi-Key,0.00251,25000,0805,125 mW,1.15 Ω,±1%,
1.18,RC0805FR-071R18L,Yageo,3,Digi-Key,0.00367,0,0805,125 mW,1.18 Ω,±1%,
1.21,RC0805FR-071R21L,Yageo,10,Digi-Key,0.00251,20000,0805,125 mW,1.21 Ω,±1%,
1.24,RC0805FR-071R24L,Yageo,8,Digi-Key,0.00251,10000,0805,125 mW,1.24 Ω,±1%,
1.27,RC0805FR-071R27L,Yageo,2,Digi-Key,0.00367,0,0805,125 mW,1.27 Ω,±1%,
1.3,RC0805FR-071R3L,Yageo,10,Digi-Key,0.00251,55000,0805,125 mW,1.30 Ω,±1%,
1.33,RC0805FR-071R33L,Yageo,9,Digi-Key,0.00251,15000,0805,125 mW,1.33 Ω,±1%,
1.37,RC0805FR-071R37L,Yageo,8,Digi-Key,0.00251,20000,0805,125 mW,1.37 Ω,±1%,
1.4,RC0805FR-071R4L,Yageo,7,Digi-Key,0.00251,10000,0805,125 mW,1.40 Ω,±1%,
1.43,RC0805FR-071R43L,Yageo,5,Digi-Key,0.00251,25000,0805,125 mW,1.43 Ω,±1%,
1.47,RC0805FR-071R47L,Yageo,5,Digi-Key,0.00251,25000,0805,125 mW,1.47 Ω,±1%,
1.5,RC0805FR-071R5L,Yageo,17,Digi-Key,0.00251,85000,0805,125 mW,1.50 Ω,±1%,
1.54,RC0805FR-071R54L,Yageo,8,Digi-Key,0.00251,95000,0805,125 mW,1.54 Ω,±1%,
1.58,RC0805FR-071R58L,Yageo,5,Digi-Key,0.00251,15000,0805,125 mW,1.58 Ω,±1%,
1.62,RC0805FR-071R62L,Yageo,9,Digi-Key,0.00251,15000,0805,125 mW,1.62 Ω,±1%,
1.65,RC0805FR-071R65L,Yageo,8,Digi-Key,0.00251,20000,0805,125 mW,1.65 Ω,±1%,
1.69,RC0805FR-071R69L,Yageo,9,Digi-Key,0.00251,15000,0805,125 mW,1.69 Ω,±1%,
1.74,RC0805FR-071R74L,Yageo,3,Digi-Key,0.00367,0,0805,125 mW,1.74 Ω,±1%,
1.78,RC0805FR-071R78L,Yageo,4,Digi-Key,0.00367,0,0805,125 mW,1.78 Ω,±1%,
1.82,RC0805FR-071R82L,Yageo,7,Digi-Key,0.00251,10000,0805,125 mW,1.82 Ω,±1%,
1.87,RC0805FR-071R87L,Yageo,7,Digi-Key,0.00251,20000,0805,125 mW,1.87 Ω,±1%,
1.91,RC0805FR-071R91L,Yageo,6,Digi-Key,0.00251,5000,0805,125 mW,1.91 Ω,±1%,
1.96,RC0805FR-071R96L,Yageo,4,Digi-Key,0.00367,0,0805,125 mW,1.96 Ω,±1%,
2,RC0805FR-072RL,Yageo,16,Digi-Key,0.00251,190000,0805,125 mW,2.00 Ω,±1%,
2.05,RC0805FR-072R05L,Yageo,6,Digi-Key,0.00251,5000,0805,125 mW,2.05 Ω,±1%,
2.1,RC0805FR-072R1L,Yageo,7,Digi-Key,0.00251,40000,0805,125 mW,2.10 Ω,±1%,
2.15,RC0805FR-072R15L,Yageo,7,Digi-Key,0.00251,20000,0805,125 mW,2.15 Ω,±1%,
2.21,RC0805FR-072R21L,Yageo,13,Digi-Key,0.00251,50000,0805,125 mW,2.21 Ω,±1%,
2.26,RC0805FR-072R26L,Yageo,6,Digi-Key,0.00251,15000,0805,125 mW,2.26 Ω,±1%,
2.32,RC0805FR-072R32L,Yageo,4,Digi-Key,0.00367,0,0805,125 mW,2.32 Ω,±1%,
2.37,RC0805FR-072R37L,Yageo,6,Digi-Key,0.00251,5000,0805,125 mW,2.37 Ω,±1%,
2.43,RC0805FR-072R43L,Yageo,7,Digi-Key,0.00251,25000,0805,125 mW,2.43 Ω,±1%,
2.49,RC0805FR-072R49L,Yageo,10,Digi-Key,0.00251,25000,0805,125 mW,2.49 Ω,±1%,
2.55,RC0805FR-072R55L,Yageo,9,Digi-Key,0.00251,15000,0805,125 mW,2.55 Ω,±1%,
2.61,RC0805FR-072R61L,Yageo,8,Digi-Key,0.00251,10000,0805,125 mW,2.61 Ω,±1%,
2.67,RC0805FR-072R67L,Yageo,6,Digi-Key,0.00251,5000,0805,125 mW,2.67 Ω,±1%,
2.74,RC0805FR-072R74L,Yageo,10,Digi-Key,0.00251,20000,0805,125 mW,2.74 Ω,±1%,
2.8,RC0805FR-072R8L,Yageo,9,Digi-Key,0.00251,20000,0805,125 mW,2.80 Ω,±1%,
2.87,RC0805FR-072R87L,Yageo,8,Digi-Key,0.00251,10000,0805,125 mW,2.87 Ω,±1%,
2.94,RC0805FR-072R94L,Yageo,4,Digi-Key,0.00251,20000,0805,125 mW,2.94 Ω,±1%,
3.01,RC0805FR-073R01L,Yageo,11,Digi-Key,0.00251,20000,0805,125 mW,3.01 Ω,±1%,
3.09,RC0805FR-073R09L,Yageo,5,Digi-Key,0.00251,30000,0805,125 mW,3.09 Ω,±1%,
3.16,RC0805FR-073R16L,Yageo,8,Digi-Key,0.00251,40000,0805,125 mW,3.16 Ω,±1%,
3.24,RC0805FR-073R24L,Yageo,5,Digi-Key,0.00367,0,0805,125 mW,3.24 Ω,±1%,
3.32,RC0805FR-073R32L,Yageo,12,Digi-Key,0.00251,10000,0805,125 mW,3.32 Ω,±1%,
3.4,RC0805FR-073R4L,Yageo,4,Digi-Key,0.00367,0,0805,125 mW,3.40 Ω,±1%,
3.48,RC0805FR-073R48L,Yageo,10,Digi-Key,0.00251,50000,0805,125 mW,3.48 Ω,±1%,
3.57,RC0805FR-073R57L,Yageo,6,Digi-Key,0.00251,5000,0805,125 mW,3.57 Ω,±1%,
3.65,RC0805FR-073R65L,Yageo,6,Digi-Key,0.00251,0,0805,125 mW,3.65 Ω,±1%,
3.74,RC0805FR-073R74L,Yageo,7,Digi-Key,0.00251,25000,0805,125 mW,3.74 Ω,±1%,
3.83,RC0805FR-073R83L,Yageo,3,Digi-Key,0.00367,0,0805,125 mW,3.83 Ω,±1%,
3.92,RC0805FR-073R92L,Yageo,12,Digi-Key,0.00251,10000,0805,125 mW,3.92 Ω,±1%,
4.02,RC0805FR-074R02L,Yageo,11,Digi-Key,0.00251,10000,0805,125 mW,4.02 Ω,±1%,
4.12,RC0805FR-074R12L,Yageo,7,Digi-Key,0.00251,15000,0805,125 mW,4.12 Ω,±1%,
4.22,RC0805FR-074R22L,Yageo,6,Digi-Key,0.00251,15000,0805,125 mW,4.22 Ω,±1%,
4.32,RC0805FR-074R32L,Yageo,9,Digi-Key,0.00251,10000,0805,125 mW,4.32 Ω,±1%,
4.42,RC0805FR-074R42L,Yageo,9,Digi-Key,0.00251,50000,0805,125 mW,4.42 Ω,±1%,
4.53,RC0805FR-074R53L,Yageo,4,Digi-Key,0.00251,25000,0805,125 mW,4.53 Ω,±1%,
4.64,RC0805FR-074R64L,Yageo,10,Digi-Key,0.00251,5000,0805,125 mW,4.64 Ω,±1%,
4.75,RC0805FR-074R75L,Yageo,12,Digi-Key,0.00251,0,0805,125 mW,4.75 Ω,±1%,
4.87,RC0805FR-074R87L,Yageo,4,Digi-Key,0.00251,20000,0805,125 mW,4.87 Ω,±1%,
4.99,RC0805FR-074R99L,Yageo,14,Digi-Key,0.00251,100000,0805,125 mW,4.99 Ω,±1%,
5.11,RC0805FR-075R11L,Yageo,14,Digi-Key,0.00251,25000,0805,125 mW,5.11 Ω,±1%,
5.23,RC0805FR-075R23L,Yageo,5,Digi-Key,0.00251,20000,0805,125 mW,5.23 Ω,±1%,
5.36,RC0805FR-075R36L,Yageo,10,Digi-Key,0.00251,25000,0805,125 mW,5.36 Ω,±1%,
5.49,RC0805FR-075R49L,Yageo,8,Digi-Key,0.00251,25000,0805,125 mW,5.49 Ω,±1%,
5.62,RC0805FR-075R62L,Yageo,8,Digi-Key,0.00251,45000,0805,125 mW,5.62 Ω,±1%,
5.76,RC0805FR-075R76L,Yageo,8,Digi-Key,0.00251,20000,0805,125 mW,5.76 Ω,±1%,
5.9,RC0805FR-075R9L,Yageo,3,Digi-Key,0.00367,0,0805,125 mW,5.90 Ω,±1%,
6.04,RC0805FR-076R04L,Yageo,10,Digi-Key,0.00251,30000,0805,125 mW,6.04 Ω,±1%,
6.19,RC0805FR-076R19L,Yageo,6,Digi-Key,0.00251,10000,0805,125 mW,6.19 Ω,±1%,
6.34,RC0805FR-076R34L,Yageo,6,Digi-Key,0.00251,25000,0805,125 mW,6.34 Ω,±1%,
6.49,RC0805FR-076R49L,Yageo,11,Digi-Key,0.00251,30000,0805,125 mW,6.49 Ω,±1%,
6.65,RC0805FR-076R65L,Yageo,8,Digi-Key,0.00251,15000,0805,125 mW,6.65 Ω,±1%,
6.81,RC0805FR-076R81L,Yageo,9,Digi-Key,0.00251,15000,0805,125 mW,6.81 Ω,±1%,
6.98,RC0805FR-076R98L,Yageo,8,Digi-Key,0.00251,30000,0805,125 mW,6.98 Ω,±1%,
7.15,RC0805FR-077R15L,Yageo,5,Digi-Key,0.00251,30000,0805,125 mW,7.15 Ω,±1%,
7.32,RC0805FR-077R32L,Yageo,4,Digi-Key,0.00367,0,0805,125 mW,7.32 Ω,±1%,
7.5,RC0805FR-077R5L,Yageo,13,Digi-Key,0.00251,85000,0805,125 mW,7.50 Ω,±1%,
7.68,RC0805FR-077R68L,Yageo,8,Digi-Key,0.00251,40000,0805,125 mW,7.68 Ω,±1%,
7.87,RC0805FR-077R87L,Yageo,4,Digi-Key,0.00367,0,0805,125 mW,7.87 Ω,±1%,
8.06,RC0805FR-078R06L,Yageo,12,Digi-Key,0.00251,30000,0805,125 mW,8.06 Ω,±1%,
8.25,RC0805FR-078R25L,Yageo,12,Digi-Key,0.00251,115000,0805,125 mW,8.25 Ω,±1%,
8.45,RC0805FR-078R45L,Yageo,11,Digi-Key,0.00251,55000,0805,125 mW,8.45 Ω,±1%,
8.66,RC0805FR-078R66L,Yageo,3,Digi-Key,0.00367,0,0805,125 mW,8.66 Ω,±1%,
8.87,RC0805FR-078R87L,Yageo,6,Digi-Key,0.00251,10000,0805,125 mW,8.87 Ω,±1%,
9.09,RC0805FR-079R09L,Yageo,8,Digi-Key,0.00251,5000,0805,125 mW,9.09 Ω,±1%,
9.31,RC0805FR-079R31L,Yageo,3,Digi-Key,0.00367,0,0805,125 mW,9.31 Ω,±1%,
9.53,RC0805FR-079R53L,Yageo,9,Digi-Key,0.00251,0,0805,125 mW,9.53 Ω,±1%,
9.76,RC0805FR-079R76L,Yageo,8,Digi-Key,0.00251,40000,0805,125 mW,9.76 Ω,±1%,
10,RC0805FR-0710RL,Yageo,37,Digi-Key,0.00169,1320000,0805,125 mW,10.0 Ω,±1%,
10.2,RC0805FR-0710R2L,Yageo,9,Digi-Key,0.00169,10000,0805,125 mW,10.2 Ω,±1%,
10.5,RC0805FR-0710R5L,Yageo,5,Digi-Key,0.00247,0,0805,125 mW,10.5 Ω,±1%,
10.7,RC0805FR-0710R7L,Yageo,6,Digi-Key,0.00169,20000,0805,125 mW,10.7 Ω,±1%,
11,RC0805FR-0711RL,Yageo,10,Digi-Key,0.00169,30000,0805,125 mW,11.0 Ω,±1%,
11.3,RC0805FR-0711R3L,Yageo,8,Digi-Key,0.00169,15000,0805,125 mW,11.3 Ω,±1%,
11.5,RC0805FR-0711R5L,Yageo,9,Digi-Key,0.00169,50000,0805,125 mW,11.5 Ω,±1%,
11.8,RC0805FR-0711R8L,Yageo,10,Digi-Key,0.00169,25000,0805,125 mW,11.8 Ω,±1%,
12.1,RC0805FR-0712R1L,Yageo,12,Digi-Key,0.00169,0,0805,125 mW,12.1 Ω,±1%,
12.4,RC0805FR-0712R4L,Yageo,8,Digi-Key,0.00169,65000,0805,125 mW,12.4 Ω,±1%,
12.7,RC0805FR-0712R7L,Yageo,8,Digi-Key,0.00169,30000,0805,125 mW,12.7 Ω,±1%,
13,RC0805FR-0713RL,Yageo,10,Digi-Key,0.00169,85000,0805,125 mW,13.0 Ω,±1%,
13.3,RC0805FR-0713R3L,Yageo,9,Digi-Key,0.00169,5000,0805,125 mW,13.3 Ω,±1%,
13.7,RC0805FR-0713R7L,Yageo,7,Digi-Key,0.00169,30000,0805,125 mW,13.7 Ω,±1%,
14,RC0805FR-0714RL,Yageo,8,Digi-Key,0.00169,30000,0805,125 mW,14.0 Ω,±1%,
14.3,RC0805FR-0714R3L,Yageo,9,Digi-Key,0.00169,0,0805,125 mW,14.3 Ω,±1%,
14.7,RC0805FR-0714R7L,Yageo,8,Digi-Key,0.00169,0,0805,125 mW,14.7 Ω,±1%,
15,RC0805FR-0715RL,Yageo,23,Digi-Key,0.00169,225000,0805,125 mW,15.0 Ω,±1%,
15.4,RC0805FR-0715R4L,Yageo,5,Digi-Key,0.00169,35000,0805,125 mW,15.4 Ω,±1%,
15.8,RC0805FR-0715R8L,Yageo,8,Digi-Key,0.00169,30000,0805,125 mW,15.8 Ω,±1%,
16.2,RC0805FR-0716R2L,Yageo,10,Digi-Key,0.00169,30000,0805,125 mW,16.2 Ω,±1%,
16.5,RC0805FR-0716R5L,Yageo,6,Digi-Key,0.00169,20000,0805,125 mW,16.5 Ω,±1%,
16.9,RC0805FR-0716R9L,Yageo,8,Digi-Key,0.00169,20000,0805,125 mW,16.9 Ω,±1%,
17.4,RC0805FR-0717R4L,Yageo,10,Digi-Key,0.00169,50000,0805,125 mW,17.4 Ω,±1%,
17.8,RC0805FR-0717R8L,Yageo,9,Digi-Key,0.00169,5000,0805,125 mW,17.8 Ω,±1%,
18.2,RC0805FR-0718R2L,Yageo,11,Digi-Key,0.00169,40000,0805,125 mW,18.2 Ω,±1%,
18.7,RC0805FR-0718R7L,Yageo,7,Digi-Key,0.00169,0,0805,125 mW,18.7 Ω,±1%,
19.1,RC0805FR-0719R1L,Yageo,11,Digi-Key,0.00169,20000,0805,125 mW,19.1 Ω,±1%,
19.6,RC0805FR-0719R6L,Yageo,9,Digi-Key,0.00169,5000,0805,125 mW,19.6 Ω,±1%,
20,RC0805FR-0720RL,Yageo,22,Digi-Key,0.00169,485000,0805,125 mW,20.0 Ω,±1%,
20.5,RC0805FR-0720R5L,Yageo,12,Digi-Key,0.00169,10000,0805,125 mW,20.5 Ω,±1%,
21,RC0805FR-0721RL,Yageo,5,Digi-Key,0.00169,80000,0805,125 mW,21.0 Ω,±1%,
21.5,RC0805FR-0721R5L,Yageo,9,Digi-Key,0.00169,20000,0805,125 mW,21.5 Ω,±1%,
22.1,RC0805FR-0722R1L,Yageo,12,Digi-Key,0.00169,65000,0805,125 mW,22.1 Ω,±1%,
22.6,RC0805FR-0722R6L,Yageo,12,Digi-Key,0.00169,25000,0805,125 mW,22.6 Ω,±1%,
23.2,RC0805FR-0723R2L,Yageo,10,Digi-Key,0.00169,40000,0805,125 mW,23.2 Ω,±1%,
23.7,RC0805FR-0723R7L,Yageo,10,Digi-Key,0.00169,15000,0805,125 mW,23.7 Ω,±1%,
24.3,RC0805FR-0724R3L,Yageo,13,Digi-Key,0.00169,15000,0805,125 mW,24.3 Ω,±1%,
24.9,RC0805FR-0724R9L,Yageo,13,Digi-Key,0.00169,110000,0805,125 mW,24.9 Ω,±1%,
25.5,RC0805FR-0725R5L,Yageo,9,Digi-Key,0.00169,0,0805,125 mW,25.5 Ω,±1%,
26.1,RC0805FR-0726R1L,Yageo,11,Digi-Key,0.00169,20000,0805,125 mW,26.1 Ω,±1%,
26.7,RC0805FR-0726R7L,Yageo,7,Digi-Key,0.00169,20000,0805,125 mW,26.7 Ω,±1%,
27.4,RC0805FR-0727R4L,Yageo,11,Digi-Key,0.00169,50000,0805,125 mW,27.4 Ω,±1%,
28,RC0805FR-0728RL,Yageo,9,Digi-Key,0.00169,25000,0805,125 mW,28.0 Ω,±1%,
28.7,RC0805FR-0728R7L,Yageo,10,Digi-Key,0.00169,30000,0805,125 mW,28.7 Ω,±1%,
29.4,RC0805FR-0729R4L,Yageo,7,Digi-Key,0.00169,10000,0805,125 mW,29.4 Ω,±1%,
30.1,RC0805FR-0730R1L,Yageo,12,Digi-Key,0.00169,105000,0805,125 mW,30.1 Ω,±1%,
30.9,RC0805FR-0730R9L,Yageo,9,Digi-Key,0.00169,25000,0805,125 mW,30.9 Ω,±1%,
31.6,RC0805FR-0731R6L,Yageo,9,Digi-Key,0.00169,10000,0805,125 mW,31.6 Ω,±1%,
32.4,RC0805FR-0732R4L,Yageo,11,Digi-Key,0.00169,10000,0805,125 mW,32.4 Ω,±1%,
33.2,RC0805FR-0733R2L,Yageo,16,Digi-Key,0.00169,170000,0805,125 mW,33.2 Ω,±1%,
34,RC0805FR-0734RL,Yageo,9,Digi-Key,0.00169,30000,0805,125 mW,34.0 Ω,±1%,
34.8,RC0805FR-0734R8L,Yageo,12,Digi-Key,0.00169,25000,0805,125 mW,34.8 Ω,±1%,
35.7,RC0805FR-0735R7L,Yageo,10,Digi-Key,0.00169,40000,0805,125 mW,35.7 Ω,±1%,
36.5,RC0805FR-0736R5L,Yageo,13,Digi-Key,0.00169,45000,0805,125 mW,36.5 Ω,±1%,
37.4,RC0805FR-0737R4L,Yageo,13,Digi-Key,0.00169,60000,0805,125 mW,37.4 Ω,±1%,
38.3,RC0805FR-0738R3L,Yageo,11,Digi-Key,0.00169,5000,0805,125 mW,38.3 Ω,±1%,
39.2,RC0805FR-0739R2L,Yageo,12,Digi-Key,0.00169,10000,0805,125 mW,39.2 Ω,±1%,
40.2,RC0805FR-0740R2L,Yageo,15,Digi-Key,0.00169,30000,0805,125 mW,40.2 Ω,±1%,
41.2,RC0805FR-0741R2L,Yageo,8,Digi-Key,0.00169,40000,0805,125 mW,41.2 Ω,±1%,
42.2,RC0805FR-0742R2L,Yageo,11,Digi-Key,0.00169,20000,0805,125 mW,42.2 Ω,±1%,
43.2,RC0805FR-0743R2L,Yageo,9,Digi-Key,0.00169,55000,0805,125 mW,43.2 Ω,±1%,
44.2,RC0805FR-0744R2L,Yageo,9,Digi-Key,0.00169,30000,0805,125 mW,44.2 Ω,±1%,
45.3,RC0805FR-0745R3L,Yageo,8,Digi-Key,0.00169,10000,0805,125 mW,45.3 Ω,±1%,
46.4,RC0805FR-0746R4L,Yageo,11,Digi-Key,0.00169,10000,0805,125 mW,46.4 Ω,±1%,
47.5,RC0805FR-0747R5L,Yageo,13,Digi-Key,0.00169,55000,0805,125 mW,47.5 Ω,±1%,
48.7,RC0805FR-0748R7L,Yageo,11,Digi-Key,0.00169,25000,0805,125 mW,48.7 Ω,±1%,
49.9,RC0805FR-0749R9L,Yageo,24,Digi-Key,0.00169,430000,0805,125 mW,49.9 Ω,±1%,
51.1,RC0805FR-0751R1L,Yageo,14,Digi-Key,0.00169,105000,0805,125 mW,51.1 Ω,±1%,
52.3,RC0805FR-0752R3L,Yageo,9,Digi-Key,0.00169,25000,0805,125 mW,52.3 Ω,±1%,
53.6,RC0805FR-0753R6L,Yageo,9,Digi-Key,0.00169,0,0805,125 mW,53.6 Ω,±1%,
54.9,RC0805FR-0754R9L,Yageo,10,Digi-Key,0.00169,35000,0805,125 mW,54.9 Ω,±1%,
56.2,RC0805FR-0756R2L,Yageo,16,Digi-Key,0.00169,140000,0805,125 mW,56.2 Ω,±1%,
57.6,RC0805FR-0757R6L,Yageo,8,Digi-Key,0.00169,15000,0805,125 mW,57.6 Ω,±1%,
59,RC0805FR-0759RL,Yageo,11,Digi-Key,0.00169,70000,0805,125 mW,59.0 Ω,±1%,
60.4,RC0805FR-0760R4L,Yageo,11,Digi-Key,0.00169,135000,0805,125 mW,60.4 Ω,±1%,
61.9,RC0805FR-0761R9L,Yageo,13,Digi-Key,0.00169,25000,0805,125 mW,61.9 Ω,±1%,
63.4,RC0805FR-0763R4L,Yageo,14,Digi-Key,0.00169,50000,0805,125 mW,63.4 Ω,±1%,
64.9,RC0805FR-0764R9L,Yageo,11,Digi-Key,0.00169,50000,0805,125 mW,64.9 Ω,±1%,
66.5,RC0805FR-0766R5L,Yageo,10,Digi-Key,0.00169,20000,0805,125 mW,66.5 Ω,±1%,
68.1,RC0805FR-0768R1L,Yageo,12,Digi-Key,0.00169,25000,0805,125 mW,68.1 Ω,±1%,
69.8,RC0805FR-0769R8L,Yageo,12,Digi-Key,0.00169,20000,0805,125 mW,69.8 Ω,±1%,
71.5,RC0805FR-0771R5L,Yageo,12,Digi-Key,0.00169,10000,0805,125 mW,71.5 Ω,±1%,
73.2,RC0805FR-0773R2L,Yageo,6,Digi-Key,0.00247,0,0805,125 mW,73.2 Ω,±1%,
75,RC0805FR-0775RL,Yageo,23,Digi-Key,0.00169,600000,0805,125 mW,75.0 Ω,±1%,
76.8,RC0805FR-0776R8L,Yageo,9,Digi-Key,0.00169,5000,0805,125 mW,76.8 Ω,±1%,
78.7,RC0805FR-0778R7L,Yageo,8,Digi-Key,0.00169,35000,0805,125 mW,78.7 Ω,±1%,
80.6,RC0805FR-0780R6L,Yageo,12,Digi-Key,0.00169,100000,0805,125 mW,80.6 Ω,±1%,
82.5,RC0805FR-0782R5L,Yageo,16,Digi-Key,0.00169,40000,0805,125 mW,82.5 Ω,±1%,
84.5,RC0805FR-0784R5L,Yageo,10,Digi-Key,0.00169,50000,0805,125 mW,84.5 Ω,±1%,
86.6,RC0805FR-0786R6L,Yageo,13,Digi-Key,0.00169,35000,0805,125 mW,86.6 Ω,±1%,
88.7,RC0805FR-0788R7L,Yageo,11,Digi-Key,0.00169,20000,0805,125 mW,88.7 Ω,±1%,
90.9,RC0805FR-0790R9L,Yageo,12,Digi-Key,0.00169,30000,0805,125 mW,90.9 Ω,±1%,
93.1,RC0805FR-0793R1L,Yageo,10,Digi-Key,0.00169,30000,0805,125 mW,93.1 Ω,±1%,
95.3,RC0805FR-0795R3L,Yageo,10,Digi-Key,0.00169,1185000,0805,125 mW,95.3 Ω,±1%,
97.6,RC0805FR-0797R6L,Yageo,5,Digi-Key,0.00169,35000,0805,125 mW,97.6 Ω,±1%,
100,RC0805FR-07100RL,Yageo,33,Digi-Key,0.00169,2600000,0805,125 mW,100 Ω,±1%,
102,RC0805FR-07102RL,Yageo,6,Digi-Key,0.00169,35000,0805,125 mW,102 Ω,±1%,
105,RC0805FR-07105RL,Yageo,9,Digi-Key,0.00169,25000,0805,125 mW,105 Ω,±1%,
107,RC0805FR-07107RL,Yageo,9,Digi-Key,0.00169,70000,0805,125 mW,107 Ω,±1%,
110,RC0805FR-07110RL,Yageo,18,Digi-Key,0.00169,140000,0805,125 mW,110 Ω,±1%,
113,RC0805FR-07113RL,Yageo,11,Digi-Key,0.00169,10000,0805,125 mW,113 Ω,±1%,
115,RC0805FR-07115RL,Yageo,11,Digi-Key,0.00169,45000,0805,125 mW,115 Ω,±1%,
118,RC0805FR-07118RL,Yageo,8,Digi-Key,0.00169,15000,0805,125 mW,118 Ω,±1%,
121,RC0805FR-07121RL,Yageo,16,Digi-Key,0.00169,335000,0805,125 mW,121 Ω,±1%,
124,RC0805FR-07124RL,Yageo,14,Digi-Key,0.00169,50000,0805,125 mW,124 Ω,±1%,
127,RC0805FR-07127RL,Yageo,15,Digi-Key,0.00169,150000,0805,125 mW,127 Ω,±1%,
130,RC0805FR-07130RL,Yageo,16,Digi-Key,0.00169,80000,0805,125 mW,130 Ω,±1%,
133,RC0805FR-07133RL,Yageo,12,Digi-Key,0.00169,65000,0805,125 mW,133 Ω,±1%,
137,RC0805FR-07137RL,Yageo,9,Digi-Key,0.00169,95000,0805,125 mW,137 Ω,±1%,
140,RC0805FR-07140RL,Yageo,9,Digi-Key,0.00169,25000,0805,125 mW,140 Ω,±1%,
143,RC0805FR-07143RL,Yageo,11,Digi-Key,0.00169,570000,0805,125 mW,143 Ω,±1%,
147,RC0805FR-07147RL,Yageo,14,Digi-Key,0.00169,40000,0805,125 mW,147 Ω,±1%,
150,RC0805FR-07150RL,Yageo,28,Digi-Key,0.00169,545000,0805,125 mW,150 Ω,±1%,
154,RC0805FR-07154RL,Yageo,13,Digi-Key,0.00169,20000,0805,125 mW,154 Ω,±1%,
158,RC0805FR-07158RL,Yageo,15,Digi-Key,0.00169,50000,0805,125 mW,158 Ω,±1%,
162,RC0805FR-07162RL,Yageo,12,Digi-Key,0.00169,50000,0805,125 mW,162 Ω,±1%,
165,RC0805FR-07165RL,Yageo,13,Digi-Key,0.00169,165000,0805,125 mW,165 Ω,±1%,
169,RC0805FR-07169RL,Yageo,12,Digi-Key,0.00169,20000,0805,125 mW,169 Ω,±1%,
174,RC0805FR-07174RL,Yageo,12,Digi-Key,0.00169,105000,0805,125 mW,174 Ω,±1%,
178,RC0805FR-07178RL,Yageo,11,Digi-Key,0.00169,75000,0805,125 mW,178 Ω,±1%,
182,RC0805FR-07182RL,Yageo,15,Digi-Key,0.00169,85000,0805,125 mW,182 Ω,±1%,
187,RC0805FR-07187RL,Yageo,12,Digi-Key,0.00169,185000,0805,125 mW,187 Ω,±1%,
191,RC0805FR-07191RL,Yageo,11,Digi-Key,0.00169,15000,0805,125 mW,191 Ω,±1%,
196,RC0805FR-07196RL,Yageo,14,Digi-Key,0.00169,5000,0805,125 mW,196 Ω,±1%,
200,RC0805FR-07200RL,Yageo,26,Digi-Key,0.00169,1260000,0805,125 mW,200 Ω,±1%,
205,RC0805FR-07205RL,Yageo,13,Digi-Key,0.00169,45000,0805,125 mW,205 Ω,±1%,
210,RC0805FR-07210RL,Yageo,12,Digi-Key,0.00169,0,0805,125 mW,210 Ω,±1%,
215,RC0805FR-07215RL,Yageo,13,Digi-Key,0.00169,75000,0805,125 mW,215 Ω,±1%,
221,RC0805FR-07221RL,Yageo,15,Digi-Key,0.00169,380000,0805,125 mW,221 Ω,±1%,
226,RC0805FR-07226RL,Yageo,10,Digi-Key,0.00169,60000,0805,125 mW,226 Ω,±1%,
232,RC0805FR-07232RL,Yageo,12,Digi-Key,0.00169,10000,0805,125 mW,232 Ω,±1%,
237,RC0805FR-07237RL,Yageo,14,Digi-Key,0.00169,25000,0805,125 mW,237 Ω,±1%,
243,RC0805FR-07243RL,Yageo,15,Digi-Key,0.00169,150000,0805,125 mW,243 Ω,±1%,
249,RC0805FR-07249RL,Yageo,19,Digi-Key,0.00169,170000,0805,125 mW,249 Ω,±1%,
255,RC0805FR-07255RL,Yageo,10,Digi-Key,0.00169,25000,0805,125 mW,255 Ω,±1%,
261,RC0805FR-07261RL,Yageo,11,Digi-Key,0.00169,205000,0805,125 mW,261 Ω,±1%,
267,RC0805FR-07267RL,Yageo,13,Digi-Key,0.00169,20000,0805,125 mW,267 Ω,±1%,
274,RC0805FR-07274RL,Yageo,16,Digi-Key,0.00169,140000,0805,125 mW,274 Ω,±1%,
280,RC0805FR-07280RL,Yageo,12,Digi-Key,0.00169,15000,0805,125 mW,280 Ω,±1%,
287,RC0805FR-07287RL,Yageo,11,Digi-Key,0.00169,30000,0805,125 mW,287 Ω,±1%,
294,RC0805FR-07294RL,Yageo,13,Digi-Key,0.00169,35000,0805,125 mW,294 Ω,±1%,
301,RC0805FR-07301RL,Yageo,18,Digi-Key,0.00169,105000,0805,125 mW,301 Ω,±1%,
309,RC0805FR-07309RL,Yageo,8,Digi-Key,0.00169,40000,0805,125 mW,309 Ω,±1%,
316,RC0805FR-07316RL,Yageo,14,Digi-Key,0.00169,80000,0805,125 mW,316 Ω,±1%,
324,RC0805FR-07324RL,Yageo,13,Digi-Key,0.00169,110000,0805,125 mW,324 Ω,±1%,
332,RC0805FR-07332RL,Yageo,16,Digi-Key,0.00169,215000,0805,125 mW,332 Ω,±1%,
340,RC0805FR-07340RL,Yageo,8,Digi-Key,0.00169,0,0805,125 mW,340 Ω,±1%,
348,RC0805FR-07348RL,Yageo,11,Digi-Key,0.00169,35000,0805,125 mW,348 Ω,±1%,
357,RC0805FR-07357RL,Yageo,10,Digi-Key,0.00169,35000,0805,125 mW,357 Ω,±1%,
365,RC0805FR-07365RL,Yageo,10,Digi-Key,0.00169,15000,0805,125 mW,365 Ω,±1%,
374,RC0805FR-07374RL,Yageo,12,Digi-Key,0.00169,20000,0805,125 mW,374 Ω,±1%,
383,RC0805FR-07383RL,Yageo,12,Digi-Key,0.00169,35000,0805,125 mW,383 Ω,±1%,
392,RC0805FR-07392RL,Yageo,13,Digi-Key,0.00169,55000,0805,125 mW,392 Ω,±1%,
402,RC0805FR-07402RL,Yageo,13,Digi-Key,0.00169,45000,0805,125 mW,402 Ω,±1%,
412,RC0805FR-07412RL,Yageo,11,Digi-Key,0.00169,95000,0805,125 mW,412 Ω,±1%,
422,RC0805FR-07422RL,Yageo,15,Digi-Key,0.00169,70000,0805,125 mW,422 Ω,±1%,
432,RC0805FR-07432RL,Yageo,12,Digi-Key,0.00169,10000,0805,125 mW,432 Ω,±1%,
442,RC0805FR-07442RL,Yageo,12,Digi-Key,0.00169,5000,0805,125 mW,442 Ω,±1%,
453,RC0805FR-07453RL,Yageo,13,Digi-Key,0.00169,20000,0805,125 mW,453 Ω,±1%,
464,RC0805FR-07464RL,Yageo,12,Digi-Key,0.00169,15000,0805,125 mW,464 Ω,±1%,
475,RC0805FR-07475RL,Yageo,20,Digi-Key,0.00169,190000,0805,125 mW,475 Ω,±1%,
487,RC0805FR-07487RL,Yageo,12,Digi-Key,0.00169,15000,0805,125 mW,487 Ω,±1%,
499,RC0805FR-07499RL,Yageo,19,Digi-Key,0.00169,1045000,0805,125 mW,499 Ω,±1%,
511,RC0805FR-07511RL,Yageo,20,Digi-Key,0.00169,275000,0805,125 mW,511 Ω,±1%,
523,RC0805FR-07523RL,Yageo,12,Digi-Key,0.00169,30000,0805,125 mW,523 Ω,±1%,
536,RC0805FR-07536RL,Yageo,11,Digi-Key,0.00169,15000,0805,125 mW,536 Ω,±1%,
549,RC0805FR-07549RL,Yageo,17,Digi-Key,0.00169,55000,0805,125 mW,549 Ω,±1%,
562,RC0805FR-07562RL,Yageo,16,Digi-Key,0.00169,10000,0805,125 mW,562 Ω,±1%,
576,RC0805FR-07576RL,Yageo,9,Digi-Key,0.00169,140000,0805,125 mW,576 Ω,±1%,
590,RC0805FR-07590RL,Yageo,13,Digi-Key,0.00169,5000,0805,125 mW,590 Ω,±1%,
604,RC0805FR-07604RL,Yageo,13,Digi-Key,0.00169,80000,0805,125 mW,604 Ω,±1%,
619,RC0805FR-07619RL,Yageo,13,Digi-Key,0.00169,40000,0805,125 mW,619 Ω,±1%,
634,RC0805FR-07634RL,Yageo,10,Digi-Key,0.00169,70000,0805,125 mW,634 Ω,±1%,
649,RC0805FR-07649RL,Yageo,10,Digi-Key,0.00169,205000,0805,125 mW,649 Ω,±1%,
665,RC0805FR-07665RL,Yageo,11,Digi-Key,0.00169,80000,0805,125 mW,665 Ω,±1%,
681,RC0805FR-07681RL,Yageo,15,Digi-Key,0.00169,75000,0805,125 mW,681 Ω,±1%,
698,RC0805FR-07698RL,Yageo,13,Digi-Key,0.00169,0,0805,125 mW,698 Ω,±1%,
715,RC0805FR-07715RL,Yageo,14,Digi-Key,0.00169,55000,0805,125 mW,715 Ω,±1%,
732,RC0805FR-07732RL,Yageo,10,Digi-Key,0.00169,20000,0805,125 mW,732 Ω,±1%,
750,RC0805FR-07750RL,Yageo,20,Digi-Key,0.00169,435000,0805,125 mW,750 Ω,±1%,
768,RC0805FR-07768RL,Yageo,8,Digi-Key,0.00169,30000,0805,125 mW,768 Ω,±1%,
787,RC0805FR-07787RL,Yageo,14,Digi-Key,0.00169,30000,0805,125 mW,787 Ω,±1%,
806,RC0805FR-07806RL,Yageo,11,Digi-Key,0.00169,195000,0805,125 mW,806 Ω,±1%,
825,RC0805FR-07825RL,Yageo,10,Digi-Key,0.00169,45000,0805,125 mW,825 Ω,±1%,
845,RC0805FR-07845RL,Yageo,13,Digi-Key,0.00169,45000,0805,125 mW,845 Ω,±1%,
866,RC0805FR-07866RL,Yageo,9,Digi-Key,0.00169,35000,0805,125 mW,866 Ω,±1%,
887,RC0805FR-07887RL,Yageo,7,Digi-Key,0.00169,115000,0805,125 mW,887 Ω,±1%,
909,RC0805FR-07909RL,Yageo,14,Digi-Key,0.00169,40000,0805,125 mW,909 Ω,±1%,
931,RC0805FR-07931RL,Yageo,12,Digi-Key,0.00169,20000,0805,125 mW,931 Ω,±1%,
953,RC0805FR-07953RL,Yageo,12,Digi-Key,0.00169,0,0805,125 mW,953 Ω,±1%,
976,RC0805FR-07976RL,Yageo,9,Digi-Key,0.00169,30000,0805,125 mW,976 Ω,±1%,
1k,RC0805FR-071KL,Yageo,39,Digi-Key,0.00169,7705000,0805,125 mW,1.00 kΩ,±1%,
1.02k,RC0805FR-071K02L,Yageo,10,Digi-Key,0.00169,75000,0805,125 mW,1.02 kΩ,±1%,
1.05k,RC0805FR-071K05L,Yageo,12,Digi-Key,0.00169,40000,0805,125 mW,1.05 kΩ,±1%,
1.07k,RC0805FR-071K07L,Yageo,14,Digi-Key,0.00169,15000,0805,125 mW,1.07 kΩ,±1%,
1.1k,RC0805FR-071K1L,Yageo,14,Digi-Key,0.00169,80000,0805,125 mW,1.10 kΩ,±1%,
1.13k,RC0805FR-071K13L,Yageo,12,Digi-Key,0.00169,30000,0805,125 mW,1.13 kΩ,±1%,
1.15k,RC0805FR-071K15L,Yageo,11,Digi-Key,0.00169,40000,0805,125 mW,1.15 kΩ,±1%,
1.18k,RC0805FR-071K18L,Yageo,10,Digi-Key,0.00169,35000,0805,125 mW,1.18 kΩ,±1%,
1.21k,RC0805FR-071K21L,Yageo,16,Digi-Key,0.00169,240000,0805,125 mW,1.21 kΩ,±1%,
1.24k,RC0805FR-071K24L,Yageo,14,Digi-Key,0.00169,45000,0805,125 mW,1.24 kΩ,±1%,
1.27k,RC0805FR-071K27L,Yageo,9,Digi-Key,0.00169,115000,0805,125 mW,1.27 kΩ,±1%,
1.3k,RC0805FR-071K3L,Yageo,16,Digi-Key,0.00169,75000,0805,125 mW,1.30 kΩ,±1%,
1.33k,RC0805FR-071K33L,Yageo,14,Digi-Key,0.00169,30000,0805,125 mW,1.33 kΩ,±1%,
1.37k,RC0805FR-071K37L,Yageo,12,Digi-Key,0.00169,5000,0805,125 mW,1.37 kΩ,±1%,
1.4k,RC0805FR-071K4L,Yageo,16,Digi-Key,0.00169,55000,0805,125 mW,1.40 kΩ,±1%,
1.43k,RC0805FR-071K43L,Yageo,9,Digi-Key,0.00169,25000,0805,125 mW,1.43 kΩ,±1%,
1.47k,RC0805FR-071K47L,Yageo,11,Digi-Key,0.00169,50000,0805,125 mW,1.47 kΩ,±1%,
1.5k,RC0805FR-071K5L,Yageo,29,Digi-Key,0.00169,465000,0805,125 mW,1.50 kΩ,±1%,
1.54k,RC0805FR-071K54L,Yageo,12,Digi-Key,0.00169,100000,0805,125 mW,1.54 kΩ,±1%,
1.58k,RC0805FR-071K58L,Yageo,10,Digi-Key,0.00169,90000,0805,125 mW,1.58 kΩ,±1%,
1.62k,RC0805FR-071K62L,Yageo,11,Digi-Key,0.00169,100000,0805,125 mW,1.62 kΩ,±1%,
1.65k,RC0805FR-071K65L,Yageo,14,Digi-Key,0.00169,80000,0805,125 mW,1.65 kΩ,±1%,
1.69k,RC0805FR-071K69L,Yageo,15,Digi-Key,0.00169,80000,0805,125 mW,1.69 kΩ,±1%,
1.74k,RC0805FR-071K74L,Yageo,9,Digi-Key,0.00169,50000,0805,125 mW,1.74 kΩ,±1%,
1.78k,RC0805FR-071K78L,Yageo,11,Digi-Key,0.00169,30000,0805,125 mW,1.78 kΩ,±1%,
1.82k,RC0805FR-071K82L,Yageo,15,Digi-Key,0.00169,80000,0805,125 mW,1.82 kΩ,±1%,
1.87k,RC0805FR-071K87L,Yageo,13,Digi-Key,0.00169,200000,0805,125 mW,1.87 kΩ,±1%,
1.91k,RC0805FR-071K91L,Yageo,11,Digi-Key,0.00169,30000,0805,125 mW,1.91 kΩ,±1%,
1.96k,RC0805FR-071K96L,Yageo,14,Digi-Key,0.00169,10000,0805,125 mW,1.96 kΩ,±1%,
2k,RC0805FR-072KL,Yageo,26,Digi-Key,0.00169,1015000,0805,125 mW,2.00 kΩ,±1%,
2.05k,RC0805FR-072K05L,Yageo,12,Digi-Key,0.00169,120000,0805,125 mW,2.05 kΩ,±1%,
2.1k,RC0805FR-072K1L,Yageo,12,Digi-Key,0.00169,125000,0805,125 mW,2.10 kΩ,±1%,
2.15k,RC0805FR-072K15L,Yageo,11,Digi-Key,0.00169,0,0805,125 mW,2.15 kΩ,±1%,
2.21k,RC0805FR-072K21L,Yageo,15,Digi-Key,0.00169,200000,0805,125 mW,2.21 kΩ,±1%,
2.26k,RC0805FR-072K26L,Yageo,15,Digi-Key,0.00169,65000,0805,125 mW,2.26 kΩ,±1%,
2.32k,RC0805FR-072K32L,Yageo,12,Digi-Key,0.00169,40000,0805,125 mW,2.32 kΩ,±1%,
2.37k,RC0805FR-072K37L,Yageo,14,Digi-Key,0.00169,30000,0805,125 mW,2.37 kΩ,±1%,
2.43k,RC0805FR-072K43L,Yageo,14,Digi-Key,0.00169,185000,0805,125 mW,2.43 kΩ,±1%,
2.49k,RC0805FR-072K49L,Yageo,19,Digi-Key,0.00169,270000,0805,125 mW,2.49 kΩ,±1%,
2.55k,RC0805FR-072K55L,Yageo,14,Digi-Key,0.00169,55000,0805,125 mW,2.55 kΩ,±1%,
2.61k,RC0805FR-072K61L,Yageo,13,Digi-Key,0.00169,25000,0805,125 mW,2.61 kΩ,±1%,
2.67k,RC0805FR-072K67L,Yageo,14,Digi-Key,0.00169,55000,0805,125 mW,2.67 kΩ,±1%,
2.74k,RC0805FR-072K74L,Yageo,14,Digi-Key,0.00169,105000,0805,125 mW,2.74 kΩ,±1%,
2.8k,RC0805FR-072K8L,Yageo,11,Digi-Key,0.00169,20000,0805,125 mW,2.80 kΩ,±1%,
2.87k,RC0805FR-072K87L,Yageo,12,Digi-Key,0.00169,65000,0805,125 mW,2.87 kΩ,±1%,
2.94k,RC0805FR-072K94L,Yageo,13,Digi-Key,0.00169,45000,0805,125 mW,2.94 kΩ,±1%,
3.01k,RC0805FR-073K01L,Yageo,19,Digi-Key,0.00169,130000,0805,125 mW,3.01 kΩ,±1%,
3.09k,RC0805FR-073K09L,Yageo,12,Digi-Key,0.00169,70000,0805,125 mW,3.09 kΩ,±1%,
3.16k,RC0805FR-073K16L,Yageo,11,Digi-Key,0.00169,55000,0805,125 mW,3.16 kΩ,±1%,
3.24k,RC0805FR-073K24L,Yageo,10,Digi-Key,0.00169,60000,0805,125 mW,3.24 kΩ,±1%,
3.32k,RC0805FR-073K32L,Yageo,17,Digi-Key,0.00169,305000,0805,125 mW,3.32 kΩ,±1%,
3.4k,RC0805FR-073K4L,Yageo,10,Digi-Key,0.00169,65000,0805,125 mW,3.40 kΩ,±1%,
3.48k,RC0805FR-073K48L,Yageo,13,Digi-Key,0.00169,85000,0805,125 mW,3.48 kΩ,±1%,
3.57k,RC0805FR-073K57L,Yageo,11,Digi-Key,0.00169,70000,0805,125 mW,3.57 kΩ,±1%,
3.65k,RC0805FR-073K65L,Yageo,12,Digi-Key,0.00169,90000,0805,125 mW,3.65 kΩ,±1%,
3.74k,RC0805FR-073K74L,Yageo,13,Digi-Key,0.00169,50000,0805,125 mW,3.74 kΩ,±1%,
3.83k,RC0805FR-073K83L,Yageo,9,Digi-Key,0.00169,55000,0805,125 mW,3.83 kΩ,±1%,
3.92k,RC0805FR-073K92L,Yageo,14,Digi-Key,0.00169,200000,0805,125 mW,3.92 kΩ,±1%,
4.02k,RC0805FR-074K02L,Yageo,16,Digi-Key,0.00169,165000,0805,125 mW,4.02 kΩ,±1%,
4.12k,RC0805FR-074K12L,Yageo,12,Digi-Key,0.00169,25000,0805,125 mW,4.12 kΩ,±1%,
4.22k,RC0805FR-074K22L,Yageo,13,Digi-Key,0.00169,165000,0805,125 mW,4.22 kΩ,±1%,
4.32k,RC0805FR-074K32L,Yageo,13,Digi-Key,0.00169,150000,0805,125 mW,4.32 kΩ,±1%,
4.42k,RC0805FR-074K42L,Yageo,12,Digi-Key,0.00169,65000,0805,125 mW,4.42 kΩ,±1%,
4.53k,RC0805FR-074K53L,Yageo,13,Digi-Key,0.00169,165000,0805,125 mW,4.53 kΩ,±1%,
4.64k,RC0805FR-074K64L,Yageo,17,Digi-Key,0.00169,95000,0805,125 mW,4.64 kΩ,±1%,
4.75k,RC0805FR-074K75L,Yageo,19,Digi-Key,0.00169,215000,0805,125 mW,4.75 kΩ,±1%,
4.87k,RC0805FR-074K87L,Yageo,16,Digi-Key,0.00169,165000,0805,125 mW,4.87 kΩ,±1%,
4.99k,RC0805FR-074K99L,Yageo,21,Digi-Key,0.00169,635000,0805,125 mW,4.99 kΩ,±1%,
5.11k,RC0805FR-075K11L,Yageo,16,Digi-Key,0.00169,345000,0805,125 mW,5.11 kΩ,±1%,
5.23k,RC0805FR-075K23L,Yageo,13,Digi-Key,0.00169,55000,0805,125 mW,5.23 kΩ,±1%,
5.36k,RC0805FR-075K36L,Yageo,12,Digi-Key,0.00169,175000,0805,125 mW,5.36 kΩ,±1%,
5.49k,RC0805FR-075K49L,Yageo,12,Digi-Key,0.00169,65000,0805,125 mW,5.49 kΩ,±1%,
5.62k,RC0805FR-075K62L,Yageo,14,Digi-Key,0.00169,140000,0805,125 mW,5.62 kΩ,±1%,
5.76k,RC0805FR-075K76L,Yageo,11,Digi-Key,0.00169,150000,0805,125 mW,5.76 kΩ,±1%,
5.9k,RC0805FR-075K9L,Yageo,9,Digi-Key,0.00169,60000,0805,125 mW,5.90 kΩ,±1%,
6.04k,RC0805FR-076K04L,Yageo,15,Digi-Key,0.00169,75000,0805,125 mW,6.04 kΩ,±1%,
6.19k,RC0805FR-076K19L,Yageo,16,Digi-Key,0.00169,45000,0805,125 mW,6.19 kΩ,±1%,
6.34k,RC0805FR-076K34L,Yageo,14,Digi-Key,0.00169,40000,0805,125 mW,6.34 kΩ,±1%,
6.49k,RC0805FR-076K49L,Yageo,15,Digi-Key,0.00169,170000,0805,125 mW,6.49 kΩ,±1%,
6.65k,RC0805FR-076K65L,Yageo,13,Digi-Key,0.00169,90000,0805,125 mW,6.65 kΩ,±1%,
6.81k,RC0805FR-076K81L,Yageo,17,Digi-Key,0.00169,145000,0805,125 mW,6.81 kΩ,±1%,
6.98k,RC0805FR-076K98L,Yageo,11,Digi-Key,0.00169,130000,0805,125 mW,6.98 kΩ,±1%,
7.15k,RC0805FR-077K15L,Yageo,13,Digi-Key,0.00169,60000,0805,125 mW,7.15 kΩ,±1%,
7.32k,RC0805FR-077K32L,Yageo,11,Digi-Key,0.00169,45000,0805,125 mW,7.32 kΩ,±1%,
7.5k,RC0805FR-077K5L,Yageo,19,Digi-Key,0.00169,220000,0805,125 mW,7.50 kΩ,±1%,
7.68k,RC0805FR-077K68L,Yageo,12,Digi-Key,0.00169,75000,0805,125 mW,7.68 kΩ,±1%,
7.87k,RC0805FR-077K87L,Yageo,18,Digi-Key,0.00169,45000,0805,125 mW,7.87 kΩ,±1%,
8.06k,RC0805FR-078K06L,Yageo,18,Digi-Key,0.00169,160000,0805,125 mW,8.06 kΩ,±1%,
8.25k,RC0805FR-078K25L,Yageo,14,Digi-Key,0.00169,70000,0805,125 mW,8.25 kΩ,±1%,
8.45k,RC0805FR-078K45L,Yageo,12,Digi-Key,0.00169,50000,0805,125 mW,8.45 kΩ,±1%,
8.66k,RC0805FR-078K66L,Yageo,14,Digi-Key,0.00169,45000,0805,125 mW,8.66 kΩ,±1%,
8.87k,RC0805FR-078K87L,Yageo,14,Digi-Key,0.00169,40000,0805,125 mW,8.87 kΩ,±1%,
9.09k,RC0805FR-079K09L,Yageo,17,Digi-Key,0.00169,90000,0805,125 mW,9.09 kΩ,±1%,
9.31k,RC0805FR-079K31L,Yageo,13,Digi-Key,0.00169,85000,0805,125 mW,9.31 kΩ,±1%,
9.53k,RC0805FR-079K53L,Yageo,12,Digi-Key,0.00169,70000,0805,125 mW,9.53 kΩ,±1%,
9.76k,RC0805FR-079K76L,Yageo,12,Digi-Key,0.00169,55000,0805,125 mW,9.76 kΩ,±1%,
10k,RC0805FR-0710KL,Yageo,38,Digi-Key,0.00169,13545000,0805,125 mW,10.0 kΩ,±1%,
10.2k,RC0805FR-0710K2L,Yageo,12,Digi-Key,0.00169,120000,0805,125 mW,10.2 kΩ,±1%,
10.5k,RC0805FR-0710K5L,Yageo,14,Digi-Key,0.00169,255000,0805,125 mW,10.5 kΩ,±1%,
10.7k,RC0805FR-0710K7L,Yageo,10,Digi-Key,0.00169,50000,0805,125 mW,10.7 kΩ,±1%,
11k,RC0805FR-0711KL,Yageo,17,Digi-Key,0.00169,150000,0805,125 mW,11.0 kΩ,±1%,
11.3k,RC0805FR-0711K3L,Yageo,13,Digi-Key,0.00169,115000,0805,125 mW,11.3 kΩ,±1%,
11.5k,RC0805FR-0711K5L,Yageo,13,Digi-Key,0.00169,20000,0805,125 mW,11.5 kΩ,±1%,
11.8k,RC0805FR-0711K8L,Yageo,12,Digi-Key,0.00169,100000,0805,125 mW,11.8 kΩ,±1%,
12.1k,RC0805FR-0712K1L,Yageo,17,Digi-Key,0.00169,190000,0805,125 mW,12.1 kΩ,±1%,
12.4k,RC0805FR-0712K4L,Yageo,16,Digi-Key,0.00169,150000,0805,125 mW,12.4 kΩ,±1%,
12.7k,RC0805FR-0712K7L,Yageo,13,Digi-Key,0.00169,0,0805,125 mW,12.7 kΩ,±1%,
13k,RC0805FR-0713KL,Yageo,14,Digi-Key,0.00169,85000,0805,125 mW,13.0 kΩ,±1%,
13.3k,RC0805FR-0713K3L,Yageo,13,Digi-Key,0.00169,200000,0805,125 mW,13.3 kΩ,±1%,
13.7k,RC0805FR-0713K7L,Yageo,12,Digi-Key,0.00169,40000,0805,125 mW,13.7 kΩ,±1%,
14k,RC0805FR-0714KL,Yageo,13,Digi-Key,0.00169,75000,0805,125 mW,14.0 kΩ,±1%,
14.3k,RC0805FR-0714K3L,Yageo,11,Digi-Key,0.00169,90000,0805,125 mW,14.3 kΩ,±1%,
14.7k,RC0805FR-0714K7L,Yageo,13,Digi-Key,0.00169,125000,0805,125 mW,14.7 kΩ,±1%,
15k,RC0805FR-0715KL,Yageo,32,Digi-Key,0.00169,765000,0805,125 mW,15.0 kΩ,±1%,
15.4k,RC0805FR-0715K4L,Yageo,15,Digi-Key,0.00169,35000,0805,125 mW,15.4 kΩ,±1%,
15.8k,RC0805FR-0715K8L,Yageo,11,Digi-Key,0.00169,50000,0805,125 mW,15.8 kΩ,±1%,
16.2k,RC0805FR-0716K2L,Yageo,11,Digi-Key,0.00169,110000,0805,125 mW,16.2 kΩ,±1%,
16.5k,RC0805FR-0716K5L,Yageo,14,Digi-Key,0.00169,120000,0805,125 mW,16.5 kΩ,±1%,
16.9k,RC0805FR-0716K9L,Yageo,13,Digi-Key,0.00169,20000,0805,125 mW,16.9 kΩ,±1%,
17.4k,RC0805FR-0717K4L,Yageo,11,Digi-Key,0.00169,85000,0805,125 mW,17.4 kΩ,±1%,
17.8k,RC0805FR-0717K8L,Yageo,10,Digi-Key,0.00169,20000,0805,125 mW,17.8 kΩ,±1%,
18.2k,RC0805FR-0718K2L,Yageo,17,Digi-Key,0.00169,140000,0805,125 mW,18.2 kΩ,±1%,
18.7k,RC0805FR-0718K7L,Yageo,14,Digi-Key,0.00169,60000,0805,125 mW,18.7 kΩ,±1%,
19.1k,RC0805FR-0719K1L,Yageo,13,Digi-Key,0.00169,170000,0805,125 mW,19.1 kΩ,±1%,
19.6k,RC0805FR-0719K6L,Yageo,12,Digi-Key,0.00169,50000,0805,125 mW,19.6 kΩ,±1%,
20k,RC0805FR-0720KL,Yageo,29,Digi-Key,0.00169,1385000,0805,125 mW,20.0 kΩ,±1%,
20.5k,RC0805FR-0720K5L,Yageo,12,Digi-Key,0.00169,145000,0805,125 mW,20.5 kΩ,±1%,
21k,RC0805FR-0721KL,Yageo,13,Digi-Key,0.00169,80000,0805,125 mW,21.0 kΩ,±1%,
21.5k,RC0805FR-0721K5L,Yageo,18,Digi-Key,0.00169,55000,0805,125 mW,21.5 kΩ,±1%,
22.1k,RC0805FR-0722K1L,Yageo,15,Digi-Key,0.00169,280000,0805,125 mW,22.1 kΩ,±1%,
22.6k,RC0805FR-0722K6L,Yageo,17,Digi-Key,0.00169,90000,0805,125 mW,22.6 kΩ,±1%,
23.2k,RC0805FR-0723K2L,Yageo,12,Digi-Key,0.00169,240000,0805,125 mW,23.2 kΩ,±1%,
23.7k,RC0805FR-0723K7L,Yageo,11,Digi-Key,0.00169,105000,0805,125 mW,23.7 kΩ,±1%,
24.3k,RC0805FR-0724K3L,Yageo,12,Digi-Key,0.00169,85000,0805,125 mW,24.3 kΩ,±1%,
24.9k,RC0805FR-0724K9L,Yageo,16,Digi-Key,0.00169,205000,0805,125 mW,24.9 kΩ,±1%,
25.5k,RC0805FR-0725K5L,Yageo,11,Digi-Key,0.00169,90000,0805,125 mW,25.5 kΩ,±1%,
26.1k,RC0805FR-0726K1L,Yageo,12,Digi-Key,0.00169,105000,0805,125 mW,26.1 kΩ,±1%,
26.7k,RC0805FR-0726K7L,Yageo,13,Digi-Key,0.00169,30000,0805,125 mW,26.7 kΩ,±1%,
27.4k,RC0805FR-0727K4L,Yageo,17,Digi-Key,0.00169,170000,0805,125 mW,27.4 kΩ,±1%,
28k,RC0805FR-0728KL,Yageo,14,Digi-Key,0.00169,125000,0805,125 mW,28.0 kΩ,±1%,
28.7k,RC0805FR-0728K7L,Yageo,10,Digi-Key,0.00169,40000,0805,125 mW,28.7 kΩ,±1%,
29.4k,RC0805FR-0729K4L,Yageo,12,Digi-Key,0.00169,170000,0805,125 mW,29.4 kΩ,±1%,
30.1k,RC0805FR-0730K1L,Yageo,19,Digi-Key,0.00169,90000,0805,125 mW,30.1 kΩ,±1%,
30.9k,RC0805FR-0730K9L,Yageo,15,Digi-Key,0.00169,50000,0805,125 mW,30.9 kΩ,±1%,
31.6k,RC0805FR-0731K6L,Yageo,14,Digi-Key,0.00169,170000,0805,125 mW,31.6 kΩ,±1%,
32.4k,RC0805FR-0732K4L,Yageo,12,Digi-Key,0.00169,95000,0805,125 mW,32.4 kΩ,±1%,
33.2k,RC0805FR-0733K2L,Yageo,17,Digi-Key,0.00169,170000,0805,125 mW,33.2 kΩ,±1%,
34k,RC0805FR-0734KL,Yageo,12,Digi-Key,0.00169,35000,0805,125 mW,34.0 kΩ,±1%,
34.8k,RC0805FR-0734K8L,Yageo,14,Digi-Key,0.00169,40000,0805,125 mW,34.8 kΩ,±1%,
35.7k,RC0805FR-0735K7L,Yageo,11,Digi-Key,0.00169,55000,0805,125 mW,35.7 kΩ,±1%,
36.5k,RC0805FR-0736K5L,Yageo,13,Digi-Key,0.00169,90000,0805,125 mW,36.5 kΩ,±1%,
37.4k,RC0805FR-0737K4L,Yageo,13,Digi-Key,0.00169,55000,0805,125 mW,37.4 kΩ,±1%,
38.3k,RC0805FR-0738K3L,Yageo,12,Digi-Key,0.00169,115000,0805,125 mW,38.3 kΩ,±1%,
39.2k,RC0805FR-0739K2L,Yageo,15,Digi-Key,0.00169,125000,0805,125 mW,39.2 kΩ,±1%,
40.2k,RC0805FR-0740K2L,Yageo,16,Digi-Key,0.00169,130000,0805,125 mW,40.2 kΩ,±1%,
41.2k,RC0805FR-0741K2L,Yageo,13,Digi-Key,0.00169,145000,0805,125 mW,41.2 kΩ,±1%,
42.2k,RC0805FR-0742K2L,Yageo,14,Digi-Key,0.00169,30000,0805,125 mW,42.2 kΩ,±1%,
43.2k,RC0805FR-0743K2L,Yageo,15,Digi-Key,0.00169,215000,0805,125 mW,43.2 kΩ,±1%,
44.2k,RC0805FR-0744K2L,Yageo,14,Digi-Key,0.00169,25000,0805,125 mW,44.2 kΩ,±1%,
45.3k,RC0805FR-0745K3L,Yageo,12,Digi-Key,0.00169,45000,0805,125 mW,45.3 kΩ,±1%,
46.4k,RC0805FR-0746K4L,Yageo,14,Digi-Key,0.00169,25000,0805,125 mW,46.4 kΩ,±1%,
47.5k,RC0805FR-0747K5L,Yageo,18,Digi-Key,0.00169,565000,0805,125 mW,47.5 kΩ,±1%,
48.7k,RC0805FR-0748K7L,Yageo,17,Digi-Key,0.00169,15000,0805,125 mW,48.7 kΩ,±1%,
49.9k,RC0805FR-0749K9L,Yageo,20,Digi-Key,0.00169,585000,0805,125 mW,49.9 kΩ,±1%,
51.1k,RC0805FR-0751K1L,Yageo,16,Digi-Key,0.00169,55000,0805,125 mW,51.1 kΩ,±1%,
52.3k,RC0805FR-0752K3L,Yageo,11,Digi-Key,0.00169,115000,0805,125 mW,52.3 kΩ,±1%,
53.6k,RC0805FR-0753K6L,Yageo,15,Digi-Key,0.00169,75000,0805,125 mW,53.6 kΩ,±1%,
54.9k,RC0805FR-0754K9L,Yageo,14,Digi-Key,0.00169,95000,0805,125 mW,54.9 kΩ,±1%,
56.2k,RC0805FR-0756K2L,Yageo,15,Digi-Key,0.00169,105000,0805,125 mW,56.2 kΩ,±1%,
57.6k,RC0805FR-0757K6L,Yageo,13,Digi-Key,0.00169,120000,0805,125 mW,57.6 kΩ,±1%,
59k,RC0805FR-0759KL,Yageo,12,Digi-Key,0.00169,85000,0805,125 mW,59.0 kΩ,±1%,
60.4k,RC0805FR-0760K4L,Yageo,14,Digi-Key,0.00169,140000,0805,125 mW,60.4 kΩ,±1%,
61.9k,RC0805FR-0761K9L,Yageo,16,Digi-Key,0.00169,50000,0805,125 mW,61.9 kΩ,±1%,
63.4k,RC0805FR-0763K4L,Yageo,10,Digi-Key,0.00169,55000,0805,125 mW,63.4 kΩ,±1%,
64.9k,RC0805FR-0764K9L,Yageo,12,Digi-Key,0.00169,10000,0805,125 mW,64.9 kΩ,±1%,
66.5k,RC0805FR-0766K5L,Yageo,14,Digi-Key,0.00169,65000,0805,125 mW,66.5 kΩ,±1%,
68.1k,RC0805FR-0768K1L,Yageo,17,Digi-Key,0.00169,180000,0805,125 mW,68.1 kΩ,±1%,
69.8k,RC0805FR-0769K8L,Yageo,10,Digi-Key,0.00169,45000,0805,125 mW,69.8 kΩ,±1%,
71.5k,RC0805FR-0771K5L,Yageo,13,Digi-Key,0.00169,120000,0805,125 mW,71.5 kΩ,±1%,
73.2k,RC0805FR-0773K2L,Yageo,12,Digi-Key,0.00169,25000,0805,125 mW,73.2 kΩ,±1%,
75k,RC0805FR-0775KL,Yageo,20,Digi-Key,0.00169,55000,0805,125 mW,75.0 kΩ,±1%,
76.8k,RC0805FR-0776K8L,Yageo,12,Digi-Key,0.00169,10000,0805,125 mW,76.8 kΩ,±1%,
78.7k,RC0805FR-0778K7L,Yageo,12,Digi-Key,0.00169,40000,0805,125 mW,78.7 kΩ,±1%,
80.6k,RC0805FR-0780K6L,Yageo,15,Digi-Key,0.00169,110000,0805,125 mW,80.6 kΩ,±1%,
82.5k,RC0805FR-0782K5L,Yageo,14,Digi-Key,0.00169,95000,0805,125 mW,82.5 kΩ,±1%,
84.5k,RC0805FR-0784K5L,Yageo,11,Digi-Key,0.00169,40000,0805,125 mW,84.5 kΩ,±1%,
86.6k,RC0805FR-0786K6L,Yageo,12,Digi-Key,0.00169,50000,0805,125 mW,86.6 kΩ,±1%,
88.7k,RC0805FR-0788K7L,Yageo,14,Digi-Key,0.00169,30000,0805,125 mW,88.7 kΩ,±1%,
90.9k,RC0805FR-0790K9L,Yageo,12,Digi-Key,0.00169,80000,0805,125 mW,90.9 kΩ,±1%,
93.1k,RC0805FR-0793K1L,Yageo,10,Digi-Key,0.00169,25000,0805,125 mW,93.1 kΩ,±1%,
95.3k,RC0805FR-0795K3L,Yageo,11,Digi-Key,0.00169,65000,0805,125 mW,95.3 kΩ,±1%,
97.6k,RC0805FR-0797K6L,Yageo,10,Digi-Key,0.00169,15000,0805,125 mW,97.6 kΩ,±1%,
100k,RC0805FR-07100KL,Yageo,41,Digi-Key,0.00169,4890000,0805,125 mW,100 kΩ,±1%,
102k,RC0805FR-07102KL,Yageo,14,Digi-Key,0.00169,35000,0805,125 mW,102 kΩ,±1%,
105k,RC0805FR-07105KL,Yageo,12,Digi-Key,0.00169,120000,0805,125 mW,105 kΩ,±1%,
107k,RC0805FR-07107KL,Yageo,13,Digi-Key,0.00169,35000,0805,125 mW,107 kΩ,±1%,
110k,RC0805FR-07110KL,Yageo,16,Digi-Key,0.00169,150000,0805,125 mW,110 kΩ,±1%,
113k,RC0805FR-07113KL,Yageo,13,Digi-Key,0.00169,20000,0805,125 mW,113 kΩ,±1%,
115k,RC0805FR-07115KL,Yageo,14,Digi-Key,0.00169,45000,0805,125 mW,115 kΩ,±1%,
118k,RC0805FR-07118KL,Yageo,12,Digi-Key,0.00169,45000,0805,125 mW,118 kΩ,±1%,
121k,RC0805FR-07121KL,Yageo,14,Digi-Key,0.00169,80000,0805,125 mW,121 kΩ,±1%,
124k,RC0805FR-07124KL,Yageo,13,Digi-Key,0.00169,95000,0805,125 mW,124 kΩ,±1%,
127k,RC0805FR-07127KL,Yageo,9,Digi-Key,0.00169,55000,0805,125 mW,127 kΩ,±1%,
130k,RC0805FR-07130KL,Yageo,17,Digi-Key,0.00169,140000,0805,125 mW,130 kΩ,±1%,
133k,RC0805FR-07133KL,Yageo,11,Digi-Key,0.00169,0,0805,125 mW,133 kΩ,±1%,
137k,RC0805FR-07137KL,Yageo,9,Digi-Key,0.00169,60000,0805,125 mW,137 kΩ,±1%,
140k,RC0805FR-07140KL,Yageo,13,Digi-Key,0.00169,80000,0805,125 mW,140 kΩ,±1%,
143k,RC0805FR-07143KL,Yageo,11,Digi-Key,0.00169,50000,0805,125 mW,143 kΩ,±1%,
147k,RC0805FR-07147KL,Yageo,13,Digi-Key,0.00169,30000,0805,125 mW,147 kΩ,±1%,
150k,RC0805FR-07150KL,Yageo,32,Digi-Key,0.00169,370000,0805,125 mW,150 kΩ,±1%,
154k,RC0805FR-07154KL,Yageo,11,Digi-Key,0.00169,65000,0805,125 mW,154 kΩ,±1%,
158k,RC0805FR-07158KL,Yageo,9,Digi-Key,0.00169,25000,0805,125 mW,158 kΩ,±1%,
162k,RC0805FR-07162KL,Yageo,12,Digi-Key,0.00169,20000,0805,125 mW,162 kΩ,±1%,
165k,RC0805FR-07165KL,Yageo,12,Digi-Key,0.00169,80000,0805,125 mW,165 kΩ,±1%,
169k,RC0805FR-07169KL,Yageo,11,Digi-Key,0.00169,0,0805,125 mW,169 kΩ,±1%,
174k,RC0805FR-07174KL,Yageo,13,Digi-Key,0.00169,55000,0805,125 mW,174 kΩ,±1%,
178k,RC0805FR-07178KL,Yageo,12,Digi-Key,0.00169,60000,0805,125 mW,178 kΩ,±1%,
182k,RC0805FR-07182KL,Yageo,13,Digi-Key,0.00169,20000,0805,125 mW,182 kΩ,±1%,
187k,RC0805FR-07187KL,Yageo,9,Digi-Key,0.00169,50000,0805,125 mW,187 kΩ,±1%,
191k,RC0805FR-07191KL,Yageo,12,Digi-Key,0.00169,75000,0805,125 mW,191 kΩ,±1%,
196k,RC0805FR-07196KL,Yageo,13,Digi-Key,0.00169,35000,0805,125 mW,196 kΩ,±1%,
200k,RC0805FR-07200KL,Yageo,22,Digi-Key,0.00169,665000,0805,125 mW,200 kΩ,±1%,
205k,RC0805FR-07205KL,Yageo,14,Digi-Key,0.00169,30000,0805,125 mW,205 kΩ,±1%,
210k,RC0805FR-07210KL,Yageo,12,Digi-Key,0.00169,50000,0805,125 mW,210 kΩ,±1%,
215k,RC0805FR-07215KL,Yageo,13,Digi-Key,0.00169,35000,0805,125 mW,215 kΩ,±1%,
221k,RC0805FR-07221KL,Yageo,14,Digi-Key,0.00169,530000,0805,125 mW,221 kΩ,±1%,
226k,RC0805FR-07226KL,Yageo,10,Digi-Key,0.00169,35000,0805,125 mW,226 kΩ,±1%,
232k,RC0805FR-07232KL,Yageo,12,Digi-Key,0.00169,30000,0805,125 mW,232 kΩ,±1%,
237k,RC0805FR-07237KL,Yageo,11,Digi-Key,0.00169,0,0805,125 mW,237 kΩ,±1%,
243k,RC0805FR-07243KL,Yageo,12,Digi-Key,0.00169,55000,0805,125 mW,243 kΩ,±1%,
249k,RC0805FR-07249KL,Yageo,15,Digi-Key,0.00169,325000,0805,125 mW,249 kΩ,±1%,
255k,RC0805FR-07255KL,Yageo,11,Digi-Key,0.00169,0,0805,125 mW,255 kΩ,±1%,
261k,RC0805FR-07261KL,Yageo,11,Digi-Key,0.00169,30000,0805,125 mW,261 kΩ,±1%,
267k,RC0805FR-07267KL,Yageo,12,Digi-Key,0.00169,15000,0805,125 mW,267 kΩ,±1%,
274k,RC0805FR-07274KL,Yageo,13,Digi-Key,0.00169,30000,0805,125 mW,274 kΩ,±1%,
280k,RC0805FR-07280KL,Yageo,12,Digi-Key,0.00169,35000,0805,125 mW,280 kΩ,±1%,
287k,RC0805FR-07287KL,Yageo,12,Digi-Key,0.00169,0,0805,125 mW,287 kΩ,±1%,
294k,RC0805FR-07294KL,Yageo,13,Digi-Key,0.00169,135000,0805,125 mW,294 kΩ,±1%,
301k,RC0805FR-07301KL,Yageo,15,Digi-Key,0.00169,90000,0805,125 mW,301 kΩ,±1%,
309k,RC0805FR-07309KL,Yageo,10,Digi-Key,0.00169,75000,0805,125 mW,309 kΩ,±1%,
316k,RC0805FR-07316KL,Yageo,12,Digi-Key,0.00169,25000,0805,125 mW,316 kΩ,±1%,
324k,RC0805FR-07324KL,Yageo,10,Digi-Key,0.00169,0,0805,125 mW,324 kΩ,±1%,
332k,RC0805FR-07332KL,Yageo,13,Digi-Key,0.00169,50000,0805,125 mW,332 kΩ,±1%,
340k,RC0805FR-07340KL,Yageo,10,Digi-Key,0.00169,35000,0805,125 mW,340 kΩ,±1%,
348k,RC0805FR-07348KL,Yageo,11,Digi-Key,0.00169,55000,0805,125 mW,348 kΩ,±1%,
357k,RC0805FR-07357KL,Yageo,10,Digi-Key,0.00169,20000,0805,125 mW,357 kΩ,±1%,
365k,RC0805FR-07365KL,Yageo,8,Digi-Key,0.00169,20000,0805,125 mW,365 kΩ,±1%,
374k,RC0805FR-07374KL,Yageo,9,Digi-Key,0.00169,105000,0805,125 mW,374 kΩ,±1%,
383k,RC0805FR-07383KL,Yageo,12,Digi-Key,0.00169,35000,0805,125 mW,383 kΩ,±1%,
392k,RC0805FR-07392KL,Yageo,10,Digi-Key,0.00169,45000,0805,125 mW,392 kΩ,±1%,
402k,RC0805FR-07402KL,Yageo,14,Digi-Key,0.00169,0,0805,125 mW,402 kΩ,±1%,
412k,RC0805FR-07412KL,Yageo,10,Digi-Key,0.00169,30000,0805,125 mW,412 kΩ,±1%,
422k,RC0805FR-07422KL,Yageo,13,Digi-Key,0.00169,10000,0805,125 mW,422 kΩ,±1%,
432k,RC0805FR-07432KL,Yageo,12,Digi-Key,0.00169,35000,0805,125 mW,432 kΩ,±1%,
442k,RC0805FR-07442KL,Yageo,11,Digi-Key,0.00169,30000,0805,125 mW,442 kΩ,±1%,
453k,RC0805FR-07453KL,Yageo,14,Digi-Key,0.00169,15000,0805,125 mW,453 kΩ,±1%,
464k,RC0805FR-07464KL,Yageo,10,Digi-Key,0.00169,35000,0805,125 mW,464 kΩ,±1%,
475k,RC0805FR-07475KL,Yageo,9,Digi-Key,0.00169,155000,0805,125 mW,475 kΩ,±1%,
487k,RC0805FR-07487KL,Yageo,12,Digi-Key,0.00169,40000,0805,125 mW,487 kΩ,±1%,
499k,RC0805FR-07499KL,Yageo,14,Digi-Key,0.00169,320000,0805,125 mW,499 kΩ,±1%,
511k,RC0805FR-07511KL,Yageo,13,Digi-Key,0.00169,25000,0805,125 mW,511 kΩ,±1%,
523k,RC0805FR-07523KL,Yageo,13,Digi-Key,0.00169,15000,0805,125 mW,523 kΩ,±1%,
536k,RC0805FR-07536KL,Yageo,13,Digi-Key,0.00169,40000,0805,125 mW,536 kΩ,±1%,
549k,RC0805FR-07549KL,Yageo,7,Digi-Key,0.00169,25000,0805,125 mW,549 kΩ,±1%,
562k,RC0805FR-07562KL,Yageo,12,Digi-Key,0.00169,50000,0805,125 mW,562 kΩ,±1%,
576k,RC0805FR-07576KL,Yageo,11,Digi-Key,0.00169,65000,0805,125 mW,576 kΩ,±1%,
590k,RC0805FR-07590KL,Yageo,12,Digi-Key,0.00169,30000,0805,125 mW,590 kΩ,±1%,
604k,RC0805FR-07604KL,Yageo,9,Digi-Key,0.00169,35000,0805,125 mW,604 kΩ,±1%,
619k,RC0805FR-07619KL,Yageo,12,Digi-Key,0.00169,30000,0805,125 mW,619 kΩ,±1%,
634k,RC0805FR-07634KL,Yageo,10,Digi-Key,0.00169,35000,0805,125 mW,634 kΩ,±1%,
649k,RC0805FR-07649KL,Yageo,12,Digi-Key,0.00169,30000,0805,125 mW,649 kΩ,±1%,
665k,RC0805FR-07665KL,Yageo,11,Digi-Key,0.00169,75000,0805,125 mW,665 kΩ,±1%,
681k,RC0805FR-07681KL,Yageo,15,Digi-Key,0.00169,30000,0805,125 mW,681 kΩ,±1%,
698k,RC0805FR-07698KL,Yageo,12,Digi-Key,0.00169,25000,0805,125 mW,698 kΩ,±1%,
715k,RC0805FR-07715KL,Yageo,7,Digi-Key,0.00169,30000,0805,125 mW,715 kΩ,±1%,
732k,RC0805FR-07732KL,Yageo,10,Digi-Key,0.00169,5000,0805,125 mW,732 kΩ,±1%,
750k,RC0805FR-07750KL,Yageo,14,Digi-Key,0.00169,90000,0805,125 mW,750 kΩ,±1%,
768k,RC0805FR-07768KL,Yageo,12,Digi-Key,0.00169,30000,0805,125 mW,768 kΩ,±1%,
787k,RC0805FR-07787KL,Yageo,13,Digi-Key,0.00169,45000,0805,125 mW,787 kΩ,±1%,
806k,RC0805FR-07806KL,Yageo,10,Digi-Key,0.00169,30000,0805,125 mW,806 kΩ,±1%,
825k,RC0805FR-07825KL,Yageo,11,Digi-Key,0.00169,30000,0805,125 mW,825 kΩ,±1%,
845k,RC0805FR-07845KL,Yageo,7,Digi-Key,0.00169,10000,0805,125 mW,845 kΩ,±1%,
866k,RC0805FR-07866KL,Yageo,12,Digi-Key,0.00169,0,0805,125 mW,866 kΩ,±1%,
887k,RC0805FR-07887KL,Yageo,8,Digi-Key,0.00169,20000,0805,125 mW,887 kΩ,±1%,
909k,RC0805FR-07909KL,Yageo,12,Digi-Key,0.00169,60000,0805,125 mW,909 kΩ,±1%,
931k,RC0805FR-07931KL,Yageo,8,Digi-Key,0.00169,10000,0805,125 mW,931 kΩ,±1%,
953k,RC0805FR-07953KL,Yageo,9,Digi-Key,0.00169,30000,0805,125 mW,953 kΩ,±1%,
976k,RC0805FR-07976KL,Yageo,8,Digi-Key,0.00169,35000,0805,125 mW,976 kΩ,±1%,
1MEG,RC0805FR-071ML,Yageo,31,Digi-Key,0.00169,1765000,0805,125 mW,1.00 MΩ,±1%,
1.02MEG,RC0805FR-071M02L,Yageo,5,Digi-Key,0.00168,5000,0805,125 mW,1.02 MΩ,±1%,
1.05MEG,RC0805FR-071M05L,Yageo,8,Digi-Key,0.00168,35000,0805,125 mW,1.05 MΩ,±1%,
1.07MEG,RC0805FR-071M07L,Yageo,8,Digi-Key,0.00168,20000,0805,-1,1.07 MΩ,±1%,
1.1MEG,RC0805FR-071M1L,Yageo,11,Digi-Key,0.00168,25000,0805,125 mW,1.10 MΩ,±1%,
1.13MEG,RC0805FR-071M13L,Yageo,7,Digi-Key,0.00168,10000,0805,125 mW,1.13 MΩ,±1%,
1.15MEG,RC0805FR-071M15L,Yageo,9,Digi-Key,0.00168,15000,0805,125 mW,1.15 MΩ,±1%,
1.18MEG,RC0805FR-071M18L,Yageo,7,Digi-Key,0.00168,0,0805,125 mW,1.18 MΩ,±1%,
1.21MEG,RC0805FR-071M21L,Yageo,13,Digi-Key,0.00168,15000,0805,125 mW,1.21 MΩ,±1%,
1.24MEG,RC0805FR-071M24L,Yageo,7,Digi-Key,0.00168,10000,0805,125 mW,1.24 MΩ,±1%,
1.27MEG,RC0805FR-071M27L,Yageo,8,Digi-Key,0.00168,160000,0805,125 mW,1.27 MΩ,±1%,
1.3MEG,RC0805FR-071M3L,Yageo,12,Digi-Key,0.00168,30000,0805,125 mW,1.30 MΩ,±1%,
1.33MEG,RC0805FR-071M33L,Yageo,8,Digi-Key,0.00168,10000,0805,125 mW,1.33 MΩ,±1%,
1.37MEG,RC0805FR-071M37L,Yageo,8,Digi-Key,0.00168,15000,0805,125 mW,1.37 MΩ,±1%,
1.4MEG,RC0805FR-071M4L,Yageo,8,Digi-Key,0.00168,35000,0805,125 mW,1.40 MΩ,±1%,
1.43MEG,RC0805FR-071M43L,Yageo,6,Digi-Key,0.00168,25000,0805,125 mW,1.43 MΩ,±1%,
1.47MEG,RC0805FR-071M47L,Yageo,10,Digi-Key,0.00168,25000,0805,125 mW,1.47 MΩ,±1%,
1.5MEG,RC0805FR-071M5L,Yageo,23,Digi-Key,0.00168,235000,0805,125 mW,1.50 MΩ,±1%,
1.54MEG,RC0805FR-071M54L,Yageo,6,Digi-Key,0.00168,30000,0805,125 mW,1.54 MΩ,±1%,
1.58MEG,RC0805FR-071M58L,Yageo,9,Digi-Key,0.00168,35000,0805,125 mW,1.58 MΩ,±1%,
1.62MEG,RC0805FR-071M62L,Yageo,8,Digi-Key,0.00168,20000,0805,125 mW,1.62 MΩ,±1%,
1.65MEG,RC0805FR-071M65L,Yageo,13,Digi-Key,0.00168,20000,0805,125 mW,1.65 MΩ,±1%,
1.69MEG,RC0805FR-071M69L,Yageo,10,Digi-Key,0.00168,10000,0805,125 mW,1.69 MΩ,±1%,
1.74MEG,RC0805FR-071M74L,Yageo,6,Digi-Key,0.00168,10000,0805,125 mW,1.74 MΩ,±1%,
1.78MEG,RC0805FR-071M78L,Yageo,7,Digi-Key,0.00168,10000,0805,-1,1.78 MΩ,±1%,
1.82MEG,RC0805FR-071M82L,Yageo,8,Digi-Key,0.00168,35000,0805,125 mW,1.82 MΩ,±1%,
1.87MEG,RC0805FR-071M87L,Yageo,5,Digi-Key,0.00245,0,0805,125 mW,1.87 MΩ,±1%,
1.91MEG,RC0805FR-071M91L,Yageo,6,Digi-Key,0.00168,0,0805,125 mW,1.91 MΩ,±1%,
1.96MEG,RC0805FR-071M96L,Yageo,7,Digi-Key,0.00168,10000,0805,125 mW,1.96 MΩ,±1%,
2MEG,RC0805FR-072ML,Yageo,16,Digi-Key,0.00168,0,0805,125 mW,2.00 MΩ,±1%,
2.05MEG,RC0805FR-072M05L,Yageo,8,Digi-Key,0.00168,15000,0805,125 mW,2.05 MΩ,±1%,
2.1MEG,RC0805FR-072M1L,Yageo,8,Digi-Key,0.00168,15000,0805,125 mW,2.10 MΩ,±1%,
2.15MEG,RC0805FR-072M15L,Yageo,11,Digi-Key,0.00168,15000,0805,125 mW,2.15 MΩ,±1%,
2.21MEG,RC0805FR-072M21L,Yageo,8,Digi-Key,0.00168,30000,0805,125 mW,2.21 MΩ,±1%,
2.26MEG,RC0805FR-072M26L,Yageo,10,Digi-Key,0.00168,5000,0805,125 mW,2.26 MΩ,±1%,
2.32MEG,RC0805FR-072M32L,Yageo,8,Digi-Key,0.00168,5000,0805,125 mW,2.32 MΩ,±1%,
2.37MEG,RC0805FR-072M37L,Yageo,7,Digi-Key,0.00168,15000,0805,125 mW,2.37 MΩ,±1%,
2.43MEG,RC0805FR-072M43L,Yageo,9,Digi-Key,0.00168,30000,0805,125 mW,2.43 MΩ,±1%,
2.49MEG,RC0805FR-072M49L,Yageo,11,Digi-Key,0.00168,55000,0805,125 mW,2.49 MΩ,±1%,
2.55MEG,RC0805FR-072M55L,Yageo,8,Digi-Key,0.00169,5000,0805,125 mW,2.55 MΩ,±1%,
2.61MEG,RC0805FR-072M61L,Yageo,11,Digi-Key,0.00168,30000,0805,125 mW,2.61 MΩ,±1%,
2.67MEG,RC0805FR-072M67L,Yageo,6,Digi-Key,0.00168,5000,0805,125 mW,2.67 MΩ,±1%,
2.74MEG,RC0805FR-072M74L,Yageo,8,Digi-Key,0.00168,15000,0805,125 mW,2.74 MΩ,±1%,
2.8MEG,RC0805FR-072M8L,Yageo,6,Digi-Key,0.00168,5000,0805,125 mW,2.80 MΩ,±1%,
2.87MEG,RC0805FR-072M87L,Yageo,5,Digi-Key,0.00245,0,0805,125 mW,2.87 MΩ,±1%,
2.94MEG,RC0805FR-072M94L,Yageo,7,Digi-Key,0.00168,20000,0805,125 mW,2.94 MΩ,±1%,
3.01MEG,RC0805FR-073M01L,Yageo,13,Digi-Key,0.00168,65000,0805,125 mW,3.01 MΩ,±1%,
3.09MEG,RC0805FR-073M09L,Yageo,3,Digi-Key,0.00245,0,0805,125 mW,3.09 MΩ,±1%,
3.16MEG,RC0805FR-073M16L,Yageo,7,Digi-Key,0.00168,15000,0805,125 mW,3.16 MΩ,±1%,
3.24MEG,RC0805FR-073M24L,Yageo,4,Digi-Key,0.00245,0,0805,125 mW,3.24 MΩ,±1%,
3.32MEG,RC0805FR-073M32L,Yageo,13,Digi-Key,0.00168,25000,0805,125 mW,3.32 MΩ,±1%,
3.4MEG,RC0805FR-073M4L,Yageo,6,Digi-Key,0.00245,0,0805,125 mW,3.40 MΩ,±1%,
3.48MEG,RC0805FR-073M48L,Yageo,6,Digi-Key,0.00245,0,0805,125 mW,3.48 MΩ,±1%,
3.57MEG,RC0805FR-073M57L,Yageo,6,Digi-Key,0.00168,65000,0805,125 mW,3.57 MΩ,±1%,
3.65MEG,RC0805FR-073M65L,Yageo,9,Digi-Key,0.00168,30000,0805,125 mW,3.65 MΩ,±1%,
3.74MEG,RC0805FR-073M74L,Yageo,3,Digi-Key,0.00245,0,0805,125 mW,3.74 MΩ,±1%,
3.83MEG,RC0805FR-073M83L,Yageo,2,Digi-Key,0.00245,0,0805,125 mW,3.83 MΩ,±1%,
3.92MEG,RC0805FR-073M92L,Yageo,7,Digi-Key,0.00168,15000,0805,125 mW,3.92 MΩ,±1%,
4.02MEG,RC0805FR-074M02L,Yageo,9,Digi-Key,0.00168,10000,0805,125 mW,4.02 MΩ,±1%,
4.12MEG,RC0805FR-074M12L,Yageo,4,Digi-Key,0.00169,0,0805,125 mW,4.12 MΩ,±1%,
4.22MEG,RC0805FR-074M22L,Yageo,2,Digi-Key,0.00245,0,0805,125 mW,4.22 MΩ,±1%,
4.32MEG,RC0805FR-074M32L,Yageo,9,Digi-Key,0.00168,45000,0805,125 mW,4.32 MΩ,±1%,
4.42MEG,RC0805FR-074M42L,Yageo,4,Digi-Key,0.00245,0,0805,125 mW,4.42 MΩ,±1%,
4.53MEG,RC0805FR-074M53L,Yageo,5,Digi-Key,0.00247,0,0805,125 mW,4.53 MΩ,±1%,
4.64MEG,RC0805FR-074M64L,Yageo,8,Digi-Key,0.00168,65000,0805,125 mW,4.64 MΩ,±1%,
4.75MEG,RC0805FR-074M75L,Yageo,12,Digi-Key,0.00168,25000,0805,125 mW,4.75 MΩ,±1%,
4.87MEG,RC0805FR-074M87L,Yageo,2,Digi-Key,0.00245,0,0805,125 mW,4.87 MΩ,±1%,
4.99MEG,RC0805FR-074M99L,Yageo,15,Digi-Key,0.00168,50000,0805,125 mW,4.99 MΩ,±1%,
5.11MEG,RC0805FR-075M11L,Yageo,12,Digi-Key,0.00168,30000,0805,125 mW,5.11 MΩ,±1%,
5.23MEG,RC0805FR-075M23L,Yageo,4,Digi-Key,0.00247,0,0805,125 mW,5.23 MΩ,±1%,
5.36MEG,RC0805FR-075M36L,Yageo,4,Digi-Key,0.00168,5000,0805,125 mW,5.36 MΩ,±1%,
5.49MEG,RC0805FR-075M49L,Yageo,3,Digi-Key,0.00247,0,0805,125 mW,5.49 MΩ,±1%,
5.62MEG,RC0805FR-075M62L,Yageo,9,Digi-Key,0.00168,25000,0805,125 mW,5.62 MΩ,±1%,
5.76MEG,RC0805FR-075M76L,Yageo,7,Digi-Key,0.00168,0,0805,125 mW,5.76 MΩ,±1%,
5.9MEG,RC0805FR-075M9L,Yageo,8,Digi-Key,0.00168,0,0805,125 mW,5.90 MΩ,±1%,
6.04MEG,RC0805FR-076M04L,Yageo,5,Digi-Key,0.00168,0,0805,125 mW,6.04 MΩ,±1%,
6.19MEG,RC0805FR-076M19L,Yageo,6,Digi-Key,0.00168,25000,0805,125 mW,6.19 MΩ,±1%,
6.34MEG,RC0805FR-076M34L,Yageo,4,Digi-Key,0.00168,25000,0805,125 mW,6.34 MΩ,±1%,
6.49MEG,RC0805FR-076M49L,Yageo,10,Digi-Key,0.00168,115000,0805,125 mW,6.49 MΩ,±1%,
6.65MEG,RC0805FR-076M65L,Yageo,4,Digi-Key,0.00168,30000,0805,125 mW,6.65 MΩ,±1%,
6.81MEG,RC0805FR-076M81L,Yageo,13,Digi-Key,0.00168,15000,0805,125 mW,6.81 MΩ,±1%,
6.98MEG,RC0805FR-076M98L,Yageo,2,Digi-Key,0.00245,0,0805,125 mW,6.98 MΩ,±1%,
7.15MEG,RC0805FR-077M15L,Yageo,5,Digi-Key,0.00245,0,0805,125 mW,7.15 MΩ,±1%,
7.32MEG,RC0805FR-077M32L,Yageo,5,Digi-Key,0.00168,5000,0805,125 mW,7.32 MΩ,±1%,
7.5MEG,RC0805FR-077M5L,Yageo,12,Digi-Key,0.00168,5000,0805,125 mW,7.50 MΩ,±1%,
7.68MEG,RC0805FR-077M68L,Yageo,5,Digi-Key,0.00247,0,0805,125 mW,7.68 MΩ,±1%,
7.87MEG,RC0805FR-077M87L,Yageo,3,Digi-Key,0.00245,0,0805,125 mW,7.87 MΩ,±1%,
8.06MEG,RC0805FR-078M06L,Yageo,6,Digi-Key,0.00168,0,0805,125 mW,8.06 MΩ,±1%,
8.25MEG,RC0805FR-078M25L,Yageo,11,Digi-Key,0.00168,15000,0805,125 mW,8.25 MΩ,±1%,
8.45MEG,RC0805FR-078M45L,Yageo,2,Digi-Key,0.00247,0,0805,125 mW,8.45 MΩ,±1%,
8.66MEG,RC0805FR-078M66L,Yageo,4,Digi-Key,0.00168,30000,0805,125 mW,8.66 MΩ,±1%,
8.87MEG,RC0805FR-078M87L,Yageo,2,Digi-Key,0.00247,0,0805,125 mW,8.87 MΩ,±1%,
9.09MEG,RC0805FR-079M09L,Yageo,5,Digi-Key,0.00168,5000,0805,125 mW,9.09 MΩ,±1%,
9.31MEG,RC0805FR-079M31L,Yageo,3,Digi-Key,0.00247,0,0805,125 mW,9.31 MΩ,±1%,
9.53MEG,RC0805FR-079M53L,Yageo,3,Digi-Key,0.00245,0,0805,125 mW,9.53 MΩ,±1%,
9.76MEG,RC0805FR-079M76L,Yageo,2,Digi-Key,0.00245,0,0805,125 mW,9.76 MΩ,±1%,
